customer_id,name,phone,email,gender,age,location
1,Catherine Reynolds,3298724994,tonya54@stewart.com,Male,25,Victoria Island
2,Rebecca Yu,+1-927-798-6554x44331,bondjessica@cannon.info,Male,56,Victoria Island
3,Christian Brown,321.379.5511x50909,carterlisa@hotmail.com,Female,57,Ikeja
4,John Thompson,702-779-1220,alexisanderson@figueroa.biz,Female,40,Ikeja
5,Steven Moore,928-235-4959,mark66@yahoo.com,Male,46,Surulere
6,Daniel Hickman,+1-574-708-2650x05556,omason@hotmail.com,Female,43,Yaba
7,Deborah Benjamin,+1-398-283-4359x27564,heather12@hawkins.com,Male,47,Lekki
8,Robert Shelton,001-365-014-6515,jacqueline04@hotmail.com,Male,54,Victoria Island
9,Steven Kennedy,159.889.8484,christyscott@hotmail.com,Female,41,Yaba
10,Richard Duffy,603-221-5937,gatesjasmine@gentry.biz,Male,33,Surulere
11,Cole Evans,(332)705-3932x10646,rlang@hotmail.com,Male,59,Surulere
12,Joshua Newton,853-817-1249x55109,tannerrobert@salinas-mooney.info,Female,20,Lekki
13,Bethany Massey MD,3468240534,stoneryan@thompson-boyd.com,Male,32,Yaba
14,Cheryl Holmes,190-460-3904x78592,reginadiaz@gmail.com,Female,26,Ikeja
15,Tony Moore,275-738-7005x26152,zjohnson@hotmail.com,Female,44,Yaba
16,Ralph Young,(371)390-0479x99923,agolden@yahoo.com,Male,20,Lekki
17,Andrea White,+1-871-589-1444x67119,bsoto@leach-morgan.com,Female,39,Yaba
18,Connor Lang,350-312-1302,schaefercharles@sims.com,Male,42,Lekki
19,Melissa Soto,7109312682,shafferwilliam@garrett.com,Male,60,Victoria Island
20,Theresa Reyes,574.688.5491x6361,robersonjennifer@gmail.com,Female,33,Ikeja
21,Jeffrey Gamble,1533900422,whitedanny@bradford.com,Male,29,Surulere
22,Kathleen Powell,(929)226-1903x4874,arnoldamy@blevins.biz,Male,26,Lekki
23,Karen Hamilton,127.679.5899,gardnerautumn@miller.org,Female,32,Lekki
24,Chad Kim,790.437.4363x257,jonathan71@jackson.info,Female,60,Lekki
25,Andrew Robbins,188.230.6534,debra59@bailey.com,Male,27,Victoria Island
26,Jennifer Lee,2628687188,turnersara@hotmail.com,Female,52,Victoria Island
27,Vincent Lee,001-316-615-7013,istout@gmail.com,Male,56,Ikeja
28,Cynthia Russell,876.412.2812x1667,eddie89@barry.com,Female,48,Ikeja
29,Caleb Mcclain,582.225.5394x6749,paul30@bass.info,Male,57,Surulere
30,Misty Martinez,(944)563-8533,uknapp@gomez.com,Female,50,Ikeja
31,Bethany Coleman,530.656.7237,bryantsheila@blackburn.com,Female,37,Victoria Island
32,Mark Hall,669-009-2495x59457,osanchez@hammond-hodge.info,Female,20,Ikeja
33,Lori Alvarez,615.330.1914x92040,vazquezjordan@fletcher.com,Male,40,Lekki
34,Keith Martinez,(184)185-4566,kellyjacob@kelley.com,Female,21,Yaba
35,Daniel Rocha,+1-955-883-6049x08182,sarahcamacho@robinson.com,Female,28,Yaba
36,Bryan West,6510292011,lclark@gray-williams.net,Female,47,Yaba
37,Heather Martin,+1-270-251-8940,brandi32@gmail.com,Male,32,Surulere
38,Debbie Snyder,071-892-4741x69639,drewellis@yahoo.com,Female,29,Victoria Island
39,Stacy Cruz,0895337260,sbaker@becker-ramirez.com,Female,41,Yaba
40,Cynthia Mills,846-930-9932x63801,sandra02@hotmail.com,Female,54,Surulere
41,William Olsen,(306)812-2794x890,jill23@hotmail.com,Male,27,Yaba
42,Melanie Dominguez,(712)115-5766x9082,phaney@hotmail.com,Male,36,Yaba
43,Annette Jones,+1-041-190-7506x976,sbush@hotmail.com,Male,54,Lekki
44,Casey Berg,205.123.1954x73880,devin80@torres.biz,Male,39,Surulere
45,Joshua Ortiz,007.473.7005,williamdavis@davis-smith.biz,Female,41,Ikeja
46,Robert Wise,722-877-0722x32362,hwebster@graham-russo.org,Male,18,Victoria Island
47,Michael Williams,001-958-860-5608x95455,loribaker@anderson.info,Female,57,Victoria Island
48,Erin Rhodes,803-958-9885x37116,rebecca12@long-anderson.com,Male,18,Lekki
49,Hannah Johnston,363.524.8567x698,rbyrd@hotmail.com,Male,29,Ikeja
50,Joshua Brown,(991)814-2105,monica51@parker.com,Female,57,Victoria Island
51,Joshua Mcclure,(179)350-8981x7377,xhamilton@clark-williams.com,Male,57,Victoria Island
52,Jeffrey Anderson,075.733.8230x3678,anthony80@gmail.com,Female,31,Ikeja
53,Lisa Logan,629-227-4925x553,john31@malone.info,Female,37,Ikeja
54,Sandra Jefferson,752-095-7561x4021,annabarton@moreno-moore.com,Male,18,Ikeja
55,Amanda Rice,795.198.6926,samuel49@francis.com,Male,59,Surulere
56,Richard Bolton,221-586-2503,wagnermark@evans.com,Female,32,Surulere
57,Bradley Day II,+1-205-875-2534x091,martinmichael@hotmail.com,Female,36,Lekki
58,Bruce Campbell,+1-640-851-2025,rnielsen@arellano.com,Male,20,Yaba
59,Mr. Andrew Riley II,(592)251-6176x458,sean31@hatfield-brown.org,Female,37,Victoria Island
60,Brian Maldonado,111.712.7685x278,fostereric@rogers.com,Male,44,Victoria Island
61,Brianna Mitchell,(583)657-0183,darrengates@hotmail.com,Female,38,Ikeja
62,David Thomas,001-690-189-9147x679,tamarabates@reese.com,Male,24,Ikeja
63,Derek Powell,415.334.2539x73388,orrtheresa@harper.biz,Male,30,Lekki
64,Mark Smith,(353)578-1228,philip75@carter-king.com,Female,51,Yaba
65,Dr. Elijah Gilbert II,+1-223-366-1797x43701,theresabarnes@may.com,Male,48,Ikeja
66,Gregory Smith,(571)101-0534x0962,cranenichole@yahoo.com,Male,44,Ikeja
67,Roger Rodriguez Jr.,+1-411-896-7302x5720,erinblankenship@clayton.com,Male,44,Victoria Island
68,Michael Forbes,001-923-612-8101x779,kristin18@johnson.org,Female,47,Surulere
69,Tiffany Gordon,390.499.0385x79532,kbecker@gmail.com,Female,31,Ikeja
70,David Gilbert,001-169-128-4612x2201,jenniferrodriguez@gmail.com,Male,19,Yaba
71,Curtis Sanchez,480.804.3941x37299,john57@hays.biz,Male,21,Ikeja
72,Caitlin Sellers,(230)598-5575x412,jeffrey25@hotmail.com,Male,47,Victoria Island
73,Robert Snyder,+1-239-264-5014x4386,sethjackson@phillips.com,Female,38,Surulere
74,Stephen Blake,453-537-9875x9283,nmiller@parker.com,Male,26,Victoria Island
75,Michael Gonzales,001-650-095-6247,becky92@yahoo.com,Female,48,Ikeja
76,Christian Collins,1474327127,danielcole@hotmail.com,Female,34,Lekki
77,Ryan Dawson,658.143.7820,mmorris@liu.info,Female,23,Yaba
78,Shawn Clark,(530)800-2863,pattonjames@valentine.com,Male,22,Ikeja
79,Zachary Williamson,976-528-2439,ryan88@yang.net,Male,36,Yaba
80,John Miller,(533)766-5337,erikadavenport@sullivan-clarke.org,Female,52,Victoria Island
81,Ryan Matthews,4065838478,scottbryant@gmail.com,Female,33,Ikeja
82,Kelly Pruitt,813-803-1633,hdixon@andrews.com,Male,22,Surulere
83,Jose Finley,300.670.0529x324,lauren38@rasmussen-kim.com,Female,23,Ikeja
84,Lisa Hicks,(616)459-8640x7181,grace76@gmail.com,Male,27,Lekki
85,Alyssa Sullivan,842-880-6375x9640,jacksonkevin@gmail.com,Male,46,Lekki
86,Jacqueline Mcpherson,1997453086,uortega@garcia.info,Female,29,Surulere
87,Jim Zamora,(539)287-0820x3553,charlotte07@yahoo.com,Male,37,Lekki
88,Hannah Knight,+1-718-971-8222x51138,amanda21@morgan.com,Male,39,Lekki
89,Brian Baker,(392)671-8677x348,anthony53@hotmail.com,Female,49,Ikeja
90,Harold Wood,1788435724,jodi01@yahoo.com,Male,44,Ikeja
91,Alicia Reese,425-519-0437,lnelson@gmail.com,Male,54,Victoria Island
92,Jason Evans,475-413-7534x787,grantcraig@hotmail.com,Female,31,Lekki
93,Michele Leon,232-078-4756x06166,gfranklin@myers.com,Male,21,Surulere
94,Heidi Smith MD,071.554.5899x93873,robinsongregory@hoover.com,Female,60,Victoria Island
95,Steven Olson,471-578-7427x92151,grantwoods@gmail.com,Female,30,Yaba
96,James Hart,(021)863-1116x92746,logan68@anderson-dixon.org,Male,49,Ikeja
97,Austin Ramsey,001-371-360-7987x0938,courtneyvazquez@yahoo.com,Female,23,Ikeja
98,Rebecca Lopez,+1-570-250-9163x72028,tthompson@miller.net,Female,52,Ikeja
99,Morgan Meyer,9173950695,anthony33@gmail.com,Male,58,Yaba
100,Nancy Dunn,446-462-9726x30707,carlos74@johnson.com,Male,49,Lekki
